Country_Code,Year,Average_Rainfall,Country_Name
CF,2023,81.73279648609078,Congo (Brazzaville)
CY,2023,8.315112540192926,Cyprus
SI,2023,46.41009399264406,Slovenia
TX,2023,19.44547134935305,Turkmenistan
GV,2023,128.9872521246459,Guinea
EK,2023,76.48880597014926,Equatorial Guinea
