Country_Code,Year,Average_Rainfall,Country_Name
AU,2023,40.54208754208754,Austria
FG,2023,98.175,French Guiana [France]
PO,2023,34.93846153846154,Portugal
UK,2023,29.143884000495724,United Kingdom
TZ,2023,99.55607476635514,Tanzania
KE,2023,61.405372405372404,Kenya
