Country_Code,Year,Average_Rainfall,Country_Name
AY,2023,12.779739386296763,Antarctica
BK,2023,37.75629008386778,Bosnia and Herzegovina
FK,2023,11.639118457300276,Falkland Islands (Islas Malvinas) [United Kingdom]
GR,2023,13.763018397256003,Greece
HR,2023,29.878228782287824,Croatia
MA,2023,89.10093167701864,Madagascar
BC,2023,17.13947990543735,Botswana
CG,2023,108.0919540229885,Congo (Kinshasa)
QA,2023,11.4125,Qatar
SG,2023,98.58612143742255,Senegal
