Country_Code,Year,Average_Rainfall,Country_Name
AG,2023,7.280195274831244,Algeria
BH,2023,47.16949152542373,Belize
MU,2023,18.19967400162999,Oman
VQ,2023,26.21436163930554,Virgin Islands [United States]
JO,2023,32.266666666666666,Jordan
MD,2023,67.58156028368795,Moldova
IV,2023,88.92255236239649,Cote D'Ivoire
UV,2023,63.166666666666664,Burkina Faso
