Country_Code,Year,Average_Rainfall,Country_Name
JA,2023,42.51312588688425,Japan
NO,2023,36.098959956597525,Norway
NZ,2023,34.8438808748255,New Zealand
SF,2023,46.44742041712404,South Africa
UY,2023,66.67164179104478,Uruguay
VE,2023,25.483516483516482,Venezuela
