Country_Code,Year,Average_Rainfall,Country_Name
CU,2023,79.10144927536231,Cuba
MT,2023,3.641269841269841,Malta
PP,2023,71.3913043478261,Papua New Guinea
LA,2023,96.99512195121952,Laos
ZA,2023,46.25,Zambia
ML,2023,61.48924731182796,Mali
