Country_Code,Year,Average_Rainfall,Country_Name
AM,2023,69.17437722419929,Armenia
BO,2023,42.25554212011286,Belarus
GL,2023,24.47002801120448,Greenland [Denmark]
JN,2023,15.652054794520549,Jan Mayen [Norway]
ET,2023,73.85454545454546,Ethiopia
TO,2023,66.70344827586207,Togo
