Country_Code,Year,Average_Rainfall,Country_Name
GY,2023,60.53451676528599,Guyana
RP,2023,120.96599264705883,Philippines
LE,2023,71.390625,Lebanon
CM,2023,105.60129310344827,Cameroon
MR,2023,25.0,Mauritania
GA,2023,123.58823529411765,"Gambia, The"
