Country_Code,Year,Average_Rainfall,Country_Name
AS,2023,18.044182435992894,Australia
MO,2023,7.345608292416803,Morocco
TI,2023,73.66267942583733,Tajikistan
