Country_Code,Year,Average_Rainfall,Country_Name
BP,2023,80.04265873015873,Solomon Islands
CB,2023,58.49221183800623,Cambodia
CH,2023,20.096907659269863,China
FR,2023,21.04439287318461,France
WA,2023,38.32283464566929,Namibia
