Country_Code,Year,Average_Rainfall,Country_Name
BE,2023,29.274285714285714,Belgium
NL,2023,31.572192898272554,Netherlands
TU,2023,30.365210222588622,Turkey
WF,2023,76.22991689750693,Wallis and Futuna [France]
KZ,2023,65.84935897435898,Kazakhstan
