Country_Code,Year,Average_Rainfall,Country_Name
BF,2023,51.23792258696717,"Bahamas, The"
FI,2023,19.32205278405654,Finland
LH,2023,26.739791073124408,Lithuania
CJ,2023,36.899371069182386,Cayman Islands [United Kingdom]
KS,2023,112.43267776096823,"Korea, South"
ES,2023,106.58461538461539,El Salvador
