Country_Code,Year,Average_Rainfall,Country_Name
SP,2023,13.415565390849022,Spain
TH,2023,94.1156038711388,Thailand
SY,2023,52.38961038961039,Syria
GH,2023,73.51673767498478,Ghana
