Country_Code,Year,Average_Rainfall,Country_Name
BX,2023,91.81272084805654,Brunei
EC,2023,95.66819747416763,Ecuador
EI,2023,36.67951463240542,Ireland
GM,2023,26.07632638829231,Germany
LO,2023,29.46188594014681,Slovakia
MQ,2023,17.701408450704225,Midway Islands [United States}
RI,2023,20.161939615736504,Serbia
SA,2023,106.95209580838323,Saudi Arabia
