Country_Code,Year,Average_Rainfall,Country_Name
CO,2023,42.48495533615421,Colombia
DA,2023,22.343416370106763,Denmark
EN,2023,18.906853114526754,Estonia
MY,2023,82.35010940919037,Malaysia
NH,2023,118.36613756613757,Vanuatu
CS,2023,89.4278350515464,Costa Rica
