Country_Code,Year,Average_Rainfall,Country_Name
BD,2023,60.126506024096386,Bermuda [United Kingdom]
CE,2023,63.65499769691387,Sri Lanka
KR,2023,99.34366197183098,Kiribati
MX,2023,15.108510147601477,Mexico
NS,2023,59.4951768488746,Suriname
SW,2023,21.39342369581875,Sweden
SN,2023,89.4942084942085,Singapore
