Country_Code,Year,Average_Rainfall,Country_Name
AE,2023,3.9089635854341735,United Arab Emirates
FP,2023,49.57328833172613,French Polynesia
JM,2023,26.9717868338558,Jamaica
LU,2023,26.189910979228486,Luxembourg
MG,2023,45.41531100478469,Mongolia
