Country_Code,Year,Average_Rainfall,Country_Name
IR,2023,7.923477602045648,Iran
MC,2023,56.633608815426996,Macau S.A.R
MJ,2023,48.57104037267081,Montenegro
PL,2023,19.309127439724456,Poland
UP,2023,40.77763157894737,Ukraine
US,2023,27.48455176009262,United States
PA,2023,111.30847457627118,Paraguay
GB,2023,91.20425531914894,Gabon
NI,2023,119.0863309352518,Nigeria
CD,2023,75.08196721311475,Chad
