Country_Code,Year,Average_Rainfall,Country_Name
HO,2023,42.11691542288557,Honduras
IT,2023,19.39740544491138,Italy
TS,2023,6.965297860034702,Tunisia
UZ,2023,58.96928327645051,Uzbekistan
LY,2023,51.828125,Libya
KN,2023,159.6962962962963,"Korea, North"
NG,2023,53.90249433106576,Niger
