Country_Code,Year,Average_Rainfall,Country_Name
BG,2023,75.53126001923694,Bangladesh
BR,2023,57.414561664190195,Brazil
FJ,2023,63.269992663242846,Fiji
GI,2023,8.418732782369146,Gibraltar [United Kingdom]
PS,2023,112.04419101924448,Palau
