Country_Code,Year,Average_Rainfall,Country_Name
BA,2023,12.446808510638299,Bahrain
CA,2023,23.454811693552614,Canada
MP,2023,42.612629022465086,Mauritius
RW,2023,57.766666666666666,Rwanda
VM,2023,55.83188948723952,Vietnam
