Country_Code,Year,Average_Rainfall,Country_Name
IN,2023,103.89241077180776,India
IS,2023,16.383577052868393,Israel
MI,2023,63.851063829787236,Malawi
BN,2023,63.56401766004415,Benin
