Country_Code,Year,Average_Rainfall,Country_Name
AJ,2023,113.45433033601515,Azerbaijan
BU,2023,15.36376115305422,Bulgaria
GQ,2023,91.52692763938316,Guam [United States]
PK,2023,11.04951560818084,Pakistan
WQ,2023,29.705882352941178,Wake Island [United States]
