Country_Code,Year,Average_Rainfall,Country_Name
CW,2023,41.20779220779221,Cook Islands [New Zealand]
HU,2023,25.733126110124335,Hungary
LG,2023,21.911184893131356,Latvia
PE,2023,47.85606874328679,Peru
RS,2023,15.13582738756204,Russia
