Country_Code,Year,Average_Rainfall,Country_Name
CI,2023,4.386657590197413,Chile
DR,2023,72.04733727810651,Dominican Republic
EG,2023,23.169014084507044,Egypt
GG,2023,21.219600725952812,Georgia
SZ,2023,38.116164720344194,Switzerland
KG,2023,53.66942148760331,Kyrgyzstan
KU,2023,28.59090909090909,Kuwait
NU,2023,0.0,Nicaragua
