Country_Code,Year,Average_Rainfall,Country_Name
NP,2023,38.64915254237288,Nepal
TV,2023,62.584382871536526,Tuvalu
SU,2023,227.0,Sudan
ZI,2023,69.11235955056179,Zimbabwe
