Country_Code,Year,Average_Rainfall,Country_Name
EZ,2023,22.33065326633166,Czech Republic
IZ,2023,7.7643979057591626,Iraq
MV,2023,8.582978723404254,Maldives
RM,2023,84.89771689497717,Marshall Islands
RO,2023,16.09508527416101,Romania
SE,2023,67.56786703601108,Seychelles
SV,2023,15.189695550351288,Svalbard [Norway]
BM,2023,97.3809963099631,Burma
ID,2023,134.9984350547731,Indonesia
CV,2023,38.116279069767444,Cape Verde
